model,accuracy,precision,recall,f1,roc_auc,inference_time,throughput,best_threshold
lightgbm,0.9999887788593711,1.0,0.9999880140475362,0.9999940069878521,0.9999999994730522,1.4129681587219238,126142.26222990008,0.20642863560951535
xgboost,0.9999607260077987,0.9999940068441839,0.9999640421426088,0.9999790242689208,0.9999999926227321,0.20457196235656738,871258.2014994691,0.5645630955696106
