model,accuracy,precision,recall,f1,roc_auc,inference_time,throughput,best_threshold
xgboost,0.999868108678449,1.0,0.9997362173568979,0.9998680912808336,0.9999996288998251,0.032546281814575195,698881.676548799,0.11374477
