model,accuracy,precision,recall,f1,roc_auc,inference_time,throughput,best_threshold
random_forest,0.9998241449045986,1.0,0.9996482898091972,0.9998241139741447,0.9999998956280758,0.1226496696472168,185455.04497016114,0.5266666666666666
xgboost,0.999868108678449,1.0,0.9997362173568979,0.9998680912808336,0.9999996288998251,0.13550758361816406,167857.76406502922,0.11374477297067642
