model,accuracy,precision,recall,f1,roc_auc,inference_time_sec,throughput,best_threshold
random_forest,1.0,1.0,1.0,1.0,1.0,0.027194738388061523,735.436381648738,0.685
decision_tree,1.0,1.0,1.0,1.0,1.0,0.0015444755554199219,12949.379438098178,1.0
